{
    "explorerLength": 20,
    "numberOfExplorers": 5,
    "maxGeneValue": 50,
    "genes": [
        8,
        32,
        31,
        32,
        14,
        32,
        48,
        2,
        22,
        19,
        41,
        47,
        43,
        44,
        33,
        29,
        21,
        40,
        0,
        29,
        5,
        5,
        0,
        48,
        24,
        12,
        13,
        49,
        10,
        11,
        31,
        5,
        20,
        36,
        5,
        46,
        11,
        15,
        14,
        10,
        15,
        36,
        19,
        9,
        25,
        17,
        38,
        33,
        46,
        7,
        9,
        34,
        24,
        22,
        1,
        29,
        44,
        34,
        6,
        49,
        34,
        48,
        19,
        29,
        41,
        26,
        26,
        45,
        9,
        6,
        38,
        0,
        7,
        4,
        10,
        20,
        46,
        14,
        16,
        18,
        3,
        5,
        6,
        45,
        46,
        24,
        33,
        8,
        11,
        36,
        28,
        15,
        21,
        38,
        39,
        22,
        28,
        41,
        49,
        22,
        3,
        38
    ],
    "fitness": [
        0.6859999999999999,
        0.66,
        0.8699999999999994,
        0.045
    ]
}