{
	"explorerLength": 20,
	"numberOfExplorers": 5,
	"maxGeneValue": 50,
	"genes": [
		27,
		36,
		33,
		16,
		37,
		12,
		49,
		46,
		25,
		38,
		22,
		49,
		20,
		39,
		23,
		7,
		22,
		36,
		47,
		7,
		47,
		29,
		14,
		17,
		46,
		21,
		13,
		24,
		17,
		49,
		30,
		36,
		44,
		21,
		2,
		36,
		12,
		49,
		48,
		3,
		48,
		44,
		11,
		22,
		15,
		4,
		26,
		24,
		41,
		38,
		11,
		5,
		14,
		25,
		30,
		8,
		46,
		0,
		6,
		5,
		15,
		38,
		45,
		13,
		37,
		35,
		41,
		27,
		21,
		17,
		27,
		18,
		35,
		33,
		2,
		24,
		49,
		42,
		28,
		34,
		36,
		44,
		40,
		9,
		48,
		3,
		39,
		48,
		33,
		18,
		25,
		11,
		29,
		6,
		30,
		49,
		25,
		34,
		32,
		40,
		27,
		5
	],
	"fitness": [
		0.7879999999999999,
		0.6679999999999998,
		0.6980000000000001,
		0.5900000000000002,
		0.135
	]
}